sirna,sirna_id
sirna_0,183
sirna_1,719
sirna_10,713
sirna_100,63
sirna_1000,835
sirna_1001,596
sirna_1002,728
sirna_1003,431
sirna_1004,392
sirna_1005,956
sirna_1006,680
sirna_1007,931
sirna_1008,1064
sirna_1009,674
sirna_101,780
sirna_1010,198
sirna_1012,90
sirna_1013,506
sirna_1014,467
sirna_1015,1011
sirna_1016,5
sirna_1017,465
sirna_1018,979
sirna_1019,33
sirna_102,762
sirna_1020,206
sirna_1021,742
sirna_1022,795
sirna_1023,331
sirna_1024,980
sirna_1025,689
sirna_1026,202
sirna_1027,815
sirna_1028,1070
sirna_1029,289
sirna_103,717
sirna_1030,1104
sirna_1031,763
sirna_1032,639
sirna_1033,484
sirna_1034,34
sirna_1035,395
sirna_1036,841
sirna_1038,487
sirna_1039,330
sirna_104,734
sirna_1040,176
sirna_1041,879
sirna_1042,448
sirna_1043,1035
sirna_1044,881
sirna_1045,207
sirna_1046,91
sirna_1047,673
sirna_1048,1081
sirna_1049,31
sirna_105,186
sirna_1050,829
sirna_1051,286
sirna_1052,494
sirna_1053,425
sirna_1054,869
sirna_1055,215
sirna_1057,213
sirna_1058,771
sirna_1059,255
sirna_106,502
sirna_1060,799
sirna_1061,663
sirna_1062,877
sirna_1063,591
sirna_1064,923
sirna_1065,434
sirna_1066,222
sirna_1067,732
sirna_1068,120
sirna_1069,1053
sirna_107,584
sirna_1070,244
sirna_1071,929
sirna_1072,316
sirna_1073,263
sirna_1074,814
sirna_1075,1057
sirna_1076,965
sirna_1077,985
sirna_1078,620
sirna_1079,617
sirna_108,49
sirna_1080,1004
sirna_1081,113
sirna_1082,41
sirna_1083,228
sirna_1084,578
sirna_1085,478
sirna_1086,12
sirna_1087,866
sirna_1088,469
sirna_1089,996
sirna_109,790
sirna_1090,490
sirna_1091,247
sirna_1092,764
sirna_1093,924
sirna_1094,685
sirna_1095,1071
sirna_1096,629
sirna_1097,967
sirna_1098,360
sirna_1099,156
sirna_11,922
sirna_110,464
sirna_1100,830
sirna_1101,351
sirna_1102,613
sirna_1103,594
sirna_1104,700
sirna_1105,475
sirna_1106,992
sirna_1107,862
sirna_1108,756
sirna_1109,497
sirna_111,554
sirna_1110,1048
sirna_1111,482
sirna_1112,471
sirna_1113,976
sirna_1114,1068
sirna_1115,1020
sirna_1116,791
sirna_1117,1019
sirna_1118,809
sirna_1119,858
sirna_112,1060
sirna_1120,17
sirna_1121,1028
sirna_1122,688
sirna_1123,577
sirna_1124,651
sirna_1125,859
sirna_1126,1090
sirna_1127,1067
sirna_1128,241
sirna_1129,699
sirna_113,192
sirna_1130,777
sirna_1131,637
sirna_1132,636
sirna_1133,483
sirna_1134,512
sirna_1135,765
sirna_1136,738
sirna_1137,346
sirna_114,1037
sirna_115,612
sirna_116,243
sirna_117,163
sirna_118,647
sirna_119,218
sirna_12,104
sirna_120,139
sirna_121,803
sirna_122,569
sirna_123,887
sirna_124,893
sirna_125,561
sirna_126,947
sirna_127,9
sirna_128,166
sirna_129,1062
sirna_13,982
sirna_130,492
sirna_131,565
sirna_132,294
sirna_133,386
sirna_134,266
sirna_135,1026
sirna_136,442
sirna_137,1009
sirna_138,2
sirna_139,350
sirna_14,787
sirna_140,432
sirna_141,1107
sirna_142,187
sirna_143,50
sirna_145,570
sirna_146,98
sirna_147,27
sirna_148,284
sirna_149,117
sirna_15,557
sirna_150,82
sirna_151,67
sirna_152,519
sirna_153,1100
sirna_154,95
sirna_155,891
sirna_156,917
sirna_157,130
sirna_158,1089
sirna_159,590
sirna_16,860
sirna_160,1001
sirna_161,160
sirna_162,645
sirna_163,547
sirna_164,722
sirna_165,29
sirna_166,971
sirna_167,455
sirna_168,18
sirna_169,381
sirna_17,769
sirna_170,421
sirna_171,1050
sirna_172,332
sirna_173,767
sirna_174,828
sirna_175,587
sirna_176,323
sirna_177,646
sirna_178,476
sirna_179,902
sirna_18,605
sirna_180,538
sirna_181,385
sirna_182,444
sirna_183,308
sirna_184,257
sirna_185,825
sirna_186,1106
sirna_187,909
sirna_188,214
sirna_189,413
sirna_19,832
sirna_190,1000
sirna_191,340
sirna_192,414
sirna_193,281
sirna_194,531
sirna_195,327
sirna_196,517
sirna_197,870
sirna_198,898
sirna_199,781
sirna_2,749
sirna_20,800
sirna_200,813
sirna_202,537
sirna_203,710
sirna_204,1098
sirna_205,850
sirna_206,159
sirna_207,468
sirna_208,747
sirna_209,987
sirna_21,1074
sirna_210,80
sirna_211,573
sirna_212,270
sirna_213,962
sirna_214,230
sirna_215,481
sirna_216,236
sirna_217,55
sirna_218,900
sirna_219,1069
sirna_22,955
sirna_220,226
sirna_221,110
sirna_222,1031
sirna_223,453
sirna_224,162
sirna_225,450
sirna_226,945
sirna_227,684
sirna_228,325
sirna_229,978
sirna_23,379
sirna_230,871
sirna_231,1002
sirna_232,486
sirna_233,857
sirna_234,868
sirna_235,480
sirna_236,824
sirna_238,750
sirna_239,10
sirna_24,99
sirna_240,501
sirna_241,339
sirna_242,729
sirna_243,152
sirna_244,725
sirna_245,291
sirna_246,856
sirna_247,151
sirna_248,403
sirna_249,736
sirna_25,132
sirna_250,513
sirna_251,40
sirna_252,322
sirna_253,459
sirna_254,258
sirna_255,196
sirna_257,354
sirna_258,741
sirna_259,269
sirna_26,495
sirna_260,116
sirna_261,387
sirna_262,154
sirna_263,398
sirna_264,811
sirna_265,288
sirna_266,496
sirna_267,477
sirna_268,180
sirna_269,24
sirna_27,1055
sirna_270,32
sirna_271,621
sirna_273,1012
sirna_274,365
sirna_275,960
sirna_276,384
sirna_277,200
sirna_278,507
sirna_279,1096
sirna_28,600
sirna_280,782
sirna_281,694
sirna_282,582
sirna_283,488
sirna_284,51
sirna_285,1086
sirna_286,412
sirna_287,220
sirna_288,846
sirna_289,411
sirna_29,205
sirna_290,1103
sirna_291,905
sirna_292,983
sirna_293,908
sirna_294,773
sirna_295,532
sirna_296,562
sirna_297,182
sirna_298,797
sirna_299,343
sirna_3,452
sirna_30,1043
sirna_300,390
sirna_301,545
sirna_302,349
sirna_303,171
sirna_304,535
sirna_305,1078
sirna_306,927
sirna_307,564
sirna_308,827
sirna_309,1023
sirna_31,321
sirna_310,938
sirna_311,1102
sirna_312,302
sirna_313,433
sirna_314,1051
sirna_315,546
sirna_316,240
sirna_317,75
sirna_318,1030
sirna_319,941
sirna_32,819
sirna_320,876
sirna_321,745
sirna_322,919
sirna_324,1088
sirna_325,389
sirna_326,42
sirna_327,445
sirna_328,64
sirna_329,526
sirna_33,660
sirna_330,892
sirna_331,718
sirna_332,0
sirna_333,235
sirna_334,188
sirna_335,52
sirna_336,1085
sirna_337,716
sirna_338,265
sirna_339,693
sirna_34,303
sirna_340,849
sirna_341,723
sirna_342,407
sirna_343,126
sirna_344,417
sirna_345,16
sirna_346,167
sirna_347,802
sirna_348,348
sirna_349,904
sirna_35,964
sirna_350,408
sirna_351,574
sirna_352,426
sirna_353,602
sirna_354,410
sirna_355,508
sirna_356,735
sirna_357,1044
sirna_358,727
sirna_359,1017
sirna_36,560
sirna_360,173
sirna_361,515
sirna_362,479
sirna_363,430
sirna_364,195
sirna_365,271
sirna_366,23
sirna_367,588
sirna_368,498
sirna_369,135
sirna_37,216
sirna_370,839
sirna_371,54
sirna_372,611
sirna_373,107
sirna_375,695
sirna_376,669
sirna_377,1034
sirna_378,337
sirna_379,68
sirna_38,733
sirna_380,1093
sirna_381,353
sirna_382,926
sirna_383,805
sirna_384,995
sirna_385,436
sirna_386,1073
sirna_387,451
sirna_388,880
sirna_389,848
sirna_39,439
sirna_390,437
sirna_391,648
sirna_392,121
sirna_393,333
sirna_394,363
sirna_395,666
sirna_396,792
sirna_397,940
sirna_398,998
sirna_399,194
sirna_4,165
sirna_40,608
sirna_400,429
sirna_401,21
sirna_402,239
sirna_403,607
sirna_404,262
sirna_405,127
sirna_406,146
sirna_407,58
sirna_408,368
sirna_409,364
sirna_41,867
sirna_411,267
sirna_412,896
sirna_413,72
sirna_414,533
sirna_415,1095
sirna_416,555
sirna_417,73
sirna_418,604
sirna_419,399
sirna_42,852
sirna_420,201
sirna_421,273
sirna_422,888
sirna_423,886
sirna_424,208
sirna_425,1065
sirna_426,845
sirna_427,715
sirna_428,352
sirna_429,801
sirna_43,46
sirna_430,847
sirna_431,367
sirna_432,595
sirna_433,106
sirna_434,760
sirna_435,233
sirna_436,951
sirna_437,1056
sirna_438,427
sirna_439,1084
sirna_44,1099
sirna_440,654
sirna_441,928
sirna_442,885
sirna_443,1075
sirna_444,242
sirna_445,282
sirna_446,969
sirna_447,530
sirna_448,74
sirna_449,277
sirna_45,59
sirna_450,462
sirna_451,264
sirna_452,115
sirna_453,231
sirna_454,382
sirna_455,768
sirna_456,174
sirna_457,558
sirna_458,145
sirna_459,614
sirna_46,552
sirna_460,128
sirna_461,643
sirna_462,853
sirna_463,356
sirna_464,26
sirna_465,541
sirna_466,650
sirna_467,449
sirna_468,865
sirna_469,957
sirna_47,454
sirna_470,524
sirna_471,903
sirna_472,930
sirna_473,603
sirna_474,518
sirna_475,324
sirna_476,640
sirna_477,628
sirna_478,744
sirna_479,966
sirna_48,837
sirna_480,571
sirna_481,808
sirna_482,838
sirna_483,313
sirna_484,47
sirna_485,499
sirna_486,748
sirna_487,388
sirna_488,703
sirna_489,823
sirna_49,336
sirna_490,153
sirna_491,932
sirna_492,697
sirna_493,1007
sirna_494,657
sirna_495,679
sirna_496,1101
sirna_497,937
sirna_498,1008
sirna_499,380
sirna_5,168
sirna_50,942
sirna_500,509
sirna_501,883
sirna_502,1013
sirna_503,311
sirna_504,914
sirna_505,292
sirna_506,394
sirna_507,280
sirna_508,149
sirna_509,36
sirna_51,366
sirna_510,623
sirna_511,193
sirna_512,1080
sirna_513,306
sirna_514,936
sirna_515,1052
sirna_516,369
sirna_517,4
sirna_518,62
sirna_519,81
sirna_520,696
sirna_521,897
sirna_522,13
sirna_523,644
sirna_524,142
sirna_525,419
sirna_526,774
sirna_527,1
sirna_528,1058
sirna_529,144
sirna_53,635
sirna_530,822
sirna_531,589
sirna_532,1072
sirna_533,470
sirna_534,807
sirna_535,707
sirna_536,1015
sirna_537,579
sirna_538,370
sirna_539,624
sirna_54,539
sirna_540,335
sirna_541,872
sirna_543,946
sirna_544,124
sirna_545,873
sirna_546,474
sirna_547,553
sirna_548,56
sirna_549,631
sirna_55,164
sirna_550,572
sirna_551,755
sirna_552,754
sirna_553,276
sirna_554,25
sirna_555,681
sirna_556,615
sirna_557,440
sirna_558,536
sirna_559,766
sirna_56,752
sirna_560,1063
sirna_561,1027
sirna_562,112
sirna_563,906
sirna_564,1022
sirna_565,96
sirna_566,948
sirna_567,686
sirna_568,297
sirna_569,844
sirna_57,724
sirna_570,990
sirna_571,45
sirna_572,963
sirna_573,783
sirna_574,217
sirna_575,48
sirna_576,246
sirna_578,511
sirna_579,988
sirna_58,687
sirna_580,1079
sirna_581,301
sirna_582,150
sirna_583,328
sirna_584,446
sirna_585,655
sirna_586,65
sirna_587,816
sirna_588,691
sirna_589,593
sirna_59,1024
sirna_590,619
sirna_591,137
sirna_592,30
sirna_593,341
sirna_594,199
sirna_595,170
sirna_596,1014
sirna_597,961
sirna_598,318
sirna_599,652
sirna_6,375
sirna_60,155
sirna_600,721
sirna_601,1016
sirna_602,254
sirna_603,943
sirna_604,1005
sirna_605,404
sirna_606,959
sirna_607,622
sirna_608,1045
sirna_609,229
sirna_61,586
sirna_610,6
sirna_611,133
sirna_612,148
sirna_613,999
sirna_614,298
sirna_615,806
sirna_616,649
sirna_617,35
sirna_619,597
sirna_62,840
sirna_620,405
sirna_621,1092
sirna_622,105
sirna_623,457
sirna_624,136
sirna_625,253
sirna_626,189
sirna_627,544
sirna_628,219
sirna_629,418
sirna_63,500
sirna_630,944
sirna_631,238
sirna_632,737
sirna_633,472
sirna_634,991
sirna_635,422
sirna_636,583
sirna_637,14
sirna_638,491
sirna_639,504
sirna_64,299
sirna_640,38
sirna_641,87
sirna_642,28
sirna_643,93
sirna_644,190
sirna_645,108
sirna_646,125
sirna_647,974
sirna_648,161
sirna_649,784
sirna_65,753
sirna_651,326
sirna_652,599
sirna_653,626
sirna_654,1059
sirna_655,826
sirna_656,76
sirna_657,1083
sirna_658,711
sirna_659,786
sirna_66,460
sirna_660,527
sirna_661,676
sirna_662,918
sirna_663,300
sirna_664,94
sirna_665,1033
sirna_666,131
sirna_667,157
sirna_668,585
sirna_669,232
sirna_67,714
sirna_670,705
sirna_671,894
sirna_673,970
sirna_674,1061
sirna_675,854
sirna_676,761
sirna_677,69
sirna_678,939
sirna_679,305
sirna_68,659
sirna_680,118
sirna_681,248
sirna_683,119
sirna_684,212
sirna_685,933
sirna_686,143
sirna_687,720
sirna_688,102
sirna_689,633
sirna_69,834
sirna_690,438
sirna_691,973
sirna_692,712
sirna_693,1041
sirna_694,278
sirna_695,1066
sirna_696,179
sirna_697,44
sirna_698,378
sirna_699,184
sirna_7,1032
sirna_70,57
sirna_700,731
sirna_701,950
sirna_703,329
sirna_704,275
sirna_705,701
sirna_706,1021
sirna_707,632
sirna_708,463
sirna_709,670
sirna_71,789
sirna_710,878
sirna_711,371
sirna_712,423
sirna_713,758
sirna_715,415
sirna_716,910
sirna_717,66
sirna_718,901
sirna_719,261
sirna_72,952
sirna_720,566
sirna_721,751
sirna_722,85
sirna_723,921
sirna_724,864
sirna_725,393
sirna_726,234
sirna_727,708
sirna_728,793
sirna_729,377
sirna_73,1046
sirna_730,601
sirna_731,1010
sirna_732,843
sirna_733,312
sirna_734,197
sirna_735,692
sirna_736,314
sirna_737,658
sirna_738,925
sirna_739,169
sirna_74,989
sirna_740,279
sirna_741,347
sirna_742,818
sirna_743,458
sirna_744,884
sirna_745,338
sirna_746,175
sirna_747,252
sirna_748,466
sirna_749,981
sirna_75,84
sirna_750,245
sirna_751,889
sirna_752,975
sirna_753,788
sirna_754,606
sirna_755,358
sirna_757,514
sirna_758,315
sirna_759,977
sirna_76,677
sirna_760,178
sirna_761,702
sirna_762,949
sirna_763,424
sirna_764,634
sirna_765,549
sirna_767,320
sirna_768,441
sirna_769,344
sirna_77,661
sirna_770,83
sirna_771,548
sirna_772,37
sirna_773,61
sirna_774,92
sirna_775,1036
sirna_776,739
sirna_777,576
sirna_778,521
sirna_779,272
sirna_78,890
sirna_780,550
sirna_781,396
sirna_782,122
sirna_783,682
sirna_784,20
sirna_785,114
sirna_786,525
sirna_787,630
sirna_788,907
sirna_789,400
sirna_79,1003
sirna_790,820
sirna_791,911
sirna_792,874
sirna_793,522
sirna_794,1082
sirna_795,435
sirna_796,833
sirna_797,1054
sirna_798,71
sirna_799,770
sirna_8,968
sirna_80,625
sirna_800,172
sirna_801,134
sirna_802,516
sirna_803,8
sirna_804,310
sirna_805,551
sirna_806,627
sirna_807,1094
sirna_808,882
sirna_809,334
sirna_81,817
sirna_811,543
sirna_812,863
sirna_813,342
sirna_814,775
sirna_815,534
sirna_816,268
sirna_817,362
sirna_818,1105
sirna_819,798
sirna_82,567
sirna_820,409
sirna_821,1091
sirna_823,706
sirna_824,304
sirna_826,575
sirna_827,359
sirna_828,915
sirna_829,485
sirna_83,374
sirna_830,642
sirna_831,1025
sirna_832,641
sirna_833,251
sirna_834,520
sirna_835,667
sirna_836,210
sirna_837,373
sirna_838,443
sirna_839,211
sirna_84,895
sirna_840,861
sirna_841,402
sirna_843,256
sirna_844,97
sirna_845,77
sirna_846,875
sirna_847,638
sirna_848,39
sirna_849,123
sirna_85,53
sirna_850,309
sirna_851,831
sirna_853,1029
sirna_854,972
sirna_855,804
sirna_856,954
sirna_857,1077
sirna_858,7
sirna_859,523
sirna_86,203
sirna_860,580
sirna_861,743
sirna_862,662
sirna_863,503
sirna_865,158
sirna_866,473
sirna_867,101
sirna_868,1018
sirna_869,420
sirna_87,307
sirna_870,598
sirna_871,283
sirna_872,704
sirna_873,209
sirna_874,759
sirna_875,934
sirna_876,542
sirna_877,664
sirna_878,447
sirna_879,15
sirna_88,581
sirna_880,224
sirna_881,237
sirna_882,609
sirna_883,1047
sirna_884,1040
sirna_885,994
sirna_886,920
sirna_887,1076
sirna_889,785
sirna_89,185
sirna_890,665
sirna_891,260
sirna_892,493
sirna_893,3
sirna_894,19
sirna_895,986
sirna_896,227
sirna_897,141
sirna_898,672
sirna_899,285
sirna_9,428
sirna_90,290
sirna_900,383
sirna_901,812
sirna_902,746
sirna_903,401
sirna_904,899
sirna_905,1049
sirna_906,397
sirna_907,109
sirna_908,345
sirna_909,675
sirna_91,855
sirna_910,221
sirna_911,836
sirna_912,376
sirna_913,416
sirna_914,779
sirna_915,653
sirna_916,510
sirna_917,556
sirna_918,60
sirna_919,70
sirna_92,730
sirna_920,912
sirna_921,191
sirna_922,726
sirna_923,671
sirna_924,274
sirna_925,610
sirna_926,568
sirna_927,821
sirna_928,489
sirna_929,319
sirna_93,177
sirna_930,1039
sirna_931,776
sirna_932,757
sirna_933,79
sirna_934,391
sirna_935,796
sirna_936,249
sirna_937,225
sirna_938,1038
sirna_939,22
sirna_94,997
sirna_940,698
sirna_941,842
sirna_942,1006
sirna_943,372
sirna_944,616
sirna_945,778
sirna_946,11
sirna_947,259
sirna_948,505
sirna_949,958
sirna_95,618
sirna_950,656
sirna_951,43
sirna_952,1087
sirna_953,293
sirna_954,86
sirna_955,1042
sirna_956,103
sirna_957,953
sirna_958,129
sirna_959,89
sirna_96,100
sirna_960,204
sirna_961,540
sirna_962,678
sirna_963,772
sirna_964,456
sirna_965,140
sirna_966,683
sirna_968,317
sirna_969,913
sirna_97,111
sirna_970,563
sirna_971,935
sirna_972,138
sirna_973,851
sirna_974,357
sirna_975,1097
sirna_976,529
sirna_977,461
sirna_978,181
sirna_979,78
sirna_98,406
sirna_980,993
sirna_981,361
sirna_982,223
sirna_983,147
sirna_984,668
sirna_985,984
sirna_986,295
sirna_987,250
sirna_988,592
sirna_989,794
sirna_99,296
sirna_990,355
sirna_991,528
sirna_992,709
sirna_993,810
sirna_994,740
sirna_995,916
sirna_996,88
sirna_997,559
sirna_998,287
sirna_999,690
